{"schemaVersion":"1.0","appDefinitionTemplate":{"id":"/providers/Microsoft.PowerApps/apps/","type":"Microsoft.PowerApps/apps","tags":{"primaryDeviceWidth":"1366","primaryDeviceHeight":"768","supportsPortrait":"true","supportsLandscape":"true","primaryFormFactor":"Tablet","publisherVersion":"3.22052.26","minimumRequiredApiVersion":"2.2.0","hasComponent":"false","hasUnlockedComponent":"false","isUnifiedRootApp":"false","sienaVersion":"20220524T111810Z-3.22052.26.0"},"properties":{"appVersion":"2022-05-24T11:18:10Z","lifeCycleId":"Published","createdByClientVersion":{"major":3,"minor":22052,"build":26,"revision":0,"majorRevision":0,"minorRevision":0},"minClientVersion":{"major":3,"minor":22052,"build":26,"revision":0,"majorRevision":0,"minorRevision":0},"backgroundColor":"rgba(0, 176, 240, 1)","backgroundImageUri":"/1520032098050525724/Nd4e7eb64-d7db-49a3-bc0e-c3550133d8e4-logoSmallFile","displayName":"Birthday","description":"","commitMessage":"","appUris":{"documentUri":{"value":"/1520032098050525724/N1e4fe596-6856-471b-9b49-779f02c1fc6d-document.msapp"},"imageUris":[]},"createdTime":"0001-01-01T00:00:00Z","lastModifiedTime":"0001-01-01T00:00:00Z","sharedGroupsCount":0,"sharedUsersCount":0,"icons":{"smallIconUri":"/1520032098050525724/Nc198d5d5-84e5-47fa-ba91-0e53bea132bc-small.png","mediumIconUri":"/1520032098050525724/N6a24121b-e7ee-4ff6-bb63-5ff798b185f6-medium.png","largeIconUri":"/1520032098050525724/N093ecb60-1997-42d5-82d1-ad874be23b60-large.png","wideIconUri":"/1520032098050525724/Nde199b54-be83-4b8f-8db0-13042f873aa2-wide.png"},"connectionReferences":{"a6388828-ab38-418a-878d-70416de68bdd":{"id":"5b6f12f7-909b-4c2b-99e3-ca0396192f77","displayName":"Office 365 Users","iconUri":"https://connectoricons-prod.azureedge.net/releases/v1.0.1573/1.0.1573.2770/office365users/icon.png","dataSources":["Office365Users"],"dependencies":[],"dependents":[],"parameterHints":{},"parameterHintsV2":{},"isOnPremiseConnection":false,"bypassConsent":false,"dataSets":{},"apiTier":"Standard","isCustomApiConnection":false,"actions":["SearchUser","UserProfile_V2","UserPhoto_V2"]}},"databaseReferences":{},"almMode":"Environment","performanceOptimizationEnabled":true,"canConsumeAppPass":true,"executionRestrictions":{"isTeamsOnly":false,"dataLossPreventionEvaluationResult":{"status":"Compliant","lastEvaluationDate":"2022-05-06T09:45:19.6189091Z","violations":[],"violationsByPolicy":[],"violationErrorMessage":"The app uses the following connectors: shared_office365users."}}},"appType":"ClassicCanvasApp","appComponents":[]}}