{"schemaVersion":"1.0","appDefinitionTemplate":{"id":"/providers/Microsoft.PowerApps/apps/","type":"Microsoft.PowerApps/apps","tags":{"primaryDeviceWidth":"1366","primaryDeviceHeight":"768","supportsPortrait":"true","supportsLandscape":"true","primaryFormFactor":"Tablet","publisherVersion":"3.22053.15","minimumRequiredApiVersion":"2.2.0","hasComponent":"false","hasUnlockedComponent":"false","isUnifiedRootApp":"false","sienaVersion":"20220530T123701Z-3.22053.15.0"},"properties":{"appVersion":"2022-05-30T12:37:01Z","lifeCycleId":"Published","createdByClientVersion":{"major":3,"minor":22053,"build":15,"revision":0,"majorRevision":0,"minorRevision":0},"minClientVersion":{"major":3,"minor":22053,"build":15,"revision":0,"majorRevision":0,"minorRevision":0},"backgroundColor":"rgba(243, 242, 241, 1)","backgroundImageUri":"/1520032098050525724/N91e7fd48-0cc8-4c53-b2ab-fd3d728eb58a-logoSmallFile","displayName":"Birthday","description":"","commitMessage":"","appUris":{"documentUri":{"value":"/1520032098050525724/N7db47a24-cab6-4162-a094-1211baa69735-document.msapp"},"imageUris":[]},"createdTime":"0001-01-01T00:00:00Z","lastModifiedTime":"0001-01-01T00:00:00Z","sharedGroupsCount":0,"sharedUsersCount":0,"icons":{"smallIconUri":"/1520032098050525724/N8972dd58-eaf0-4ad7-bc98-0d7901185ae4-small.png","mediumIconUri":"/1520032098050525724/N6f3c2bd2-26a8-4bb2-8413-b681afd82c4f-medium.png","largeIconUri":"/1520032098050525724/N162cde01-587b-4d6c-b4e2-d7a1c7c6c3b6-large.png","wideIconUri":"/1520032098050525724/N8ec49c87-0b99-45ff-96dd-514ae975c90d-wide.png"},"connectionReferences":{"a6388828-ab38-418a-878d-70416de68bdd":{"id":"5b6f12f7-909b-4c2b-99e3-ca0396192f77","displayName":"Office 365 Users","iconUri":"https://connectoricons-prod.azureedge.net/releases/v1.0.1573/1.0.1573.2770/office365users/icon.png","dataSources":["Office365Users"],"dependencies":[],"dependents":[],"parameterHints":{},"parameterHintsV2":{},"isOnPremiseConnection":false,"bypassConsent":false,"dataSets":{},"apiTier":"Standard","isCustomApiConnection":false,"actions":["UserProfile_V2","UserPhoto_V2"]},"de4853b1-34db-4faa-bd11-20c6f33cf95b":{"id":"92597d49-95d6-4f1d-a092-dc2bcb43b5db","displayName":"Office 365 Groups","iconUri":"https://connectoricons-prod.azureedge.net/releases/v1.0.1563/1.0.1563.2732/office365groups/icon.png","dataSources":["Office365Groups"],"dependencies":[],"dependents":[],"parameterHints":{},"parameterHintsV2":{},"isOnPremiseConnection":false,"bypassConsent":false,"dataSets":{},"apiTier":"Standard","isCustomApiConnection":false,"actions":["ListGroupMembers"]}},"databaseReferences":{},"almMode":"Environment","performanceOptimizationEnabled":true,"canConsumeAppPass":true,"executionRestrictions":{"isTeamsOnly":false,"dataLossPreventionEvaluationResult":{"status":"Compliant","lastEvaluationDate":"2022-05-06T09:45:19.6189091Z","violations":[],"violationsByPolicy":[],"violationErrorMessage":"The app uses the following connectors: shared_office365users."}}},"appType":"ClassicCanvasApp","appComponents":[]}}