{"schemaVersion":"1.0","appDefinitionTemplate":{"id":"/providers/Microsoft.PowerApps/apps/","type":"Microsoft.PowerApps/apps","tags":{"primaryDeviceWidth":"1590","primaryDeviceHeight":"657","supportsPortrait":"true","supportsLandscape":"true","primaryFormFactor":"Tablet","publisherVersion":"3.22053.15","minimumRequiredApiVersion":"2.2.0","hasComponent":"false","hasUnlockedComponent":"false","isUnifiedRootApp":"false","sienaVersion":"20220531T225458Z-3.22053.15.0"},"properties":{"appVersion":"2022-05-31T22:54:58Z","lifeCycleId":"Published","createdByClientVersion":{"major":3,"minor":22053,"build":15,"revision":0,"majorRevision":0,"minorRevision":0},"minClientVersion":{"major":3,"minor":22053,"build":15,"revision":0,"majorRevision":0,"minorRevision":0},"backgroundColor":"rgba(243, 242, 241, 1)","backgroundImageUri":"/1520032098050525724/N41868fb2-a25a-4adb-8b7d-bfedebe15c45-logoSmallFile","displayName":"Birthday","description":"","commitMessage":"","appUris":{"documentUri":{"value":"/1520032098050525724/N34036c52-1e37-4f78-a62b-a61396cc2d6f-document.msapp"},"imageUris":[]},"createdTime":"0001-01-01T00:00:00Z","lastModifiedTime":"0001-01-01T00:00:00Z","sharedGroupsCount":0,"sharedUsersCount":0,"icons":{"smallIconUri":"/1520032098050525724/Nc545ee73-50c4-4d39-9946-2f4761e871b0-small.png","mediumIconUri":"/1520032098050525724/Ndf7129f1-4947-481f-8d19-d5541e758fea-medium.png","largeIconUri":"/1520032098050525724/Nd2f0b66f-4c4b-44f4-93fa-82a7a631e665-large.png","wideIconUri":"/1520032098050525724/N237c7b82-e304-4adc-add6-7b0d9d10c180-wide.png"},"connectionReferences":{"a6388828-ab38-418a-878d-70416de68bdd":{"id":"5b6f12f7-909b-4c2b-99e3-ca0396192f77","displayName":"Office 365 Users","iconUri":"https://connectoricons-prod.azureedge.net/releases/v1.0.1573/1.0.1573.2770/office365users/icon.png","dataSources":["Office365Users"],"dependencies":[],"dependents":[],"parameterHints":{},"parameterHintsV2":{},"isOnPremiseConnection":false,"bypassConsent":false,"dataSets":{},"apiTier":"Standard","isCustomApiConnection":false,"actions":["UserProfile_V2","UserPhoto_V2"]},"de4853b1-34db-4faa-bd11-20c6f33cf95b":{"id":"92597d49-95d6-4f1d-a092-dc2bcb43b5db","displayName":"Office 365 Groups","iconUri":"https://connectoricons-prod.azureedge.net/releases/v1.0.1563/1.0.1563.2732/office365groups/icon.png","dataSources":["Office365Groups"],"dependencies":[],"dependents":[],"parameterHints":{},"parameterHintsV2":{},"isOnPremiseConnection":false,"bypassConsent":false,"dataSets":{},"apiTier":"Standard","isCustomApiConnection":false,"actions":["ListGroupMembers"]}},"databaseReferences":{},"almMode":"Solution","performanceOptimizationEnabled":true,"canConsumeAppPass":true,"executionRestrictions":{"isTeamsOnly":false,"dataLossPreventionEvaluationResult":{"status":"Compliant","lastEvaluationDate":"2022-05-06T09:45:19.6189091Z","violations":[],"violationsByPolicy":[],"violationErrorMessage":"The app uses the following connectors: shared_office365users."}}},"appType":"ClassicCanvasApp","appComponents":[]}}